,pk_cid,pension_plan,pk_partition,active_customer,region_code,gender,age,deceased,short_term_deposit,loans,mortgage,funds,securities,long_term_deposit,em_account_pp,credit_card,payroll,payroll_account,emc_account,debit_card,em_account_p,em_acount,entry_date_month,entry_date_year,entry_date_day,entry_date_week,entry_date_weekday,entry_date_trim,salary,entry_channel_004,entry_channel_007,entry_channel_013,entry_channel_KAA,entry_channel_KAB,entry_channel_KAD,entry_channel_KAE,entry_channel_KAF,entry_channel_KAG,entry_channel_KAH,entry_channel_KAI,entry_channel_KAJ,entry_channel_KAK,entry_channel_KAM,entry_channel_KAQ,entry_channel_KAR,entry_channel_KAS,entry_channel_KAT,entry_channel_KAW,entry_channel_KAY,entry_channel_KAZ,entry_channel_KBE,entry_channel_KBG,entry_channel_KBH,entry_channel_KBO,entry_channel_KBU,entry_channel_KBW,entry_channel_KBY,entry_channel_KBZ,entry_channel_KCB,entry_channel_KCC,entry_channel_KCH,entry_channel_KCI,entry_channel_KCK,entry_channel_KCL,entry_channel_KDA,entry_channel_KDH,entry_channel_KDR,entry_channel_KDS,entry_channel_KDT,entry_channel_KEH,entry_channel_KEJ,entry_channel_KES,entry_channel_KEY,entry_channel_KFA,entry_channel_KFC,entry_channel_KFD,entry_channel_KFF,entry_channel_KFK,entry_channel_KFL,entry_channel_KFP,entry_channel_KFS,entry_channel_KGC,entry_channel_KGN,entry_channel_KGX,entry_channel_KHC,entry_channel_KHD,entry_channel_KHE,entry_channel_KHF,entry_channel_KHK,entry_channel_KHL,entry_channel_KHM,entry_channel_KHN,entry_channel_KHO,entry_channel_KHP,entry_channel_KHQ,entry_channel_KHS,entry_channel_RED,entry_channel_UNKNOWN,segment_00 - OTROS,segment_01 - TOP,segment_02 - PARTICULARES,segment_03 - UNIVERSITARIO,country_id_AR,country_id_AT,country_id_BE,country_id_BR,country_id_CA,country_id_CH,country_id_CI,country_id_CL,country_id_CM,country_id_CN,country_id_CO,country_id_DE,country_id_DJ,country_id_DO,country_id_DZ,country_id_ES,country_id_ET,country_id_FR,country_id_GA,country_id_GB,country_id_GT,country_id_HU,country_id_IE,country_id_IT,country_id_JM,country_id_LU,country_id_MA,country_id_MR,country_id_MX,country_id_NO,country_id_PE,country_id_PL,country_id_PT,country_id_QA,country_id_RO,country_id_RU,country_id_SA,country_id_SE,country_id_SN,country_id_US,country_id_VE,prediction,score,product_to_sale
133,265581,0,2019-05-28,1,19,1,64,0,0,0,0,0,0,0,0,0,0,1,0,0,0,0,12,-31,23,51,5,4,117515.43,0,0,0,0,0,0,0,0,0,0,0,0,0,0,0,0,0,0,0,0,0,0,0,0,0,0,0,0,0,0,0,0,0,0,0,0,0,0,0,0,0,0,0,0,1,0,0,0,0,0,0,0,0,0,0,0,0,0,0,0,0,0,0,0,0,0,0,0,0,0,0,1,0,0,0,0,0,0,0,0,0,0,0,0,0,0,0,0,1,0,0,0,0,0,0,0,0,0,0,0,0,0,0,0,0,0,0,0,0,0,0,0,0,0,1,0.77056897,pension_plan
389,720560,0,2019-05-28,1,8,1,60,0,0,0,0,0,0,0,0,0,0,1,0,0,0,0,5,-29,7,19,1,2,194217.105,0,0,0,0,0,0,0,0,0,0,0,0,0,0,0,0,0,1,0,0,0,0,0,0,0,0,0,0,0,0,0,0,0,0,0,0,0,0,0,0,0,0,0,0,0,0,0,0,0,0,0,0,0,0,0,0,0,0,0,0,0,0,0,0,0,0,0,0,0,1,0,0,0,0,0,0,0,0,0,0,0,0,0,0,0,0,0,0,1,0,0,0,0,0,0,0,0,0,0,0,0,0,0,0,0,0,0,0,0,0,0,0,0,0,1,0.51936734,pension_plan
501,875297,0,2019-05-28,1,7,0,66,0,0,0,0,0,0,0,0,0,0,1,0,1,0,0,5,-30,20,20,6,2,227432.16,0,0,0,0,0,0,0,0,0,0,0,0,0,0,0,0,0,0,0,0,0,0,0,0,0,0,0,0,0,0,0,0,0,0,0,0,0,0,0,0,0,0,0,0,0,0,0,0,0,0,0,0,0,0,0,0,0,0,0,0,0,0,1,0,0,0,0,0,0,0,0,1,0,0,0,0,0,0,0,0,0,0,0,0,0,0,0,0,1,0,0,0,0,0,0,0,0,0,0,0,0,0,0,0,0,0,0,0,0,0,0,0,0,0,1,0.7985664,pension_plan
748,1004872,0,2019-05-28,1,28,0,63,0,0,0,0,0,0,0,0,0,0,1,0,1,0,0,2,-33,13,7,4,1,69497.01,0,0,0,0,0,0,0,0,0,0,0,0,0,0,0,0,0,1,0,0,0,0,0,0,0,0,0,0,0,0,0,0,0,0,0,0,0,0,0,0,0,0,0,0,0,0,0,0,0,0,0,0,0,0,0,0,0,0,0,0,0,0,0,0,0,0,0,0,0,0,0,1,0,0,0,0,0,0,0,0,0,0,0,0,0,0,0,0,1,0,0,0,0,0,0,0,0,0,0,0,0,0,0,0,0,0,0,0,0,0,0,0,0,0,1,0.56432706,pension_plan
1229,1015026,0,2019-05-28,1,47,0,71,0,0,0,0,0,0,0,0,1,0,1,0,1,0,0,5,-33,8,19,4,2,147439.98,0,0,0,0,0,0,0,0,0,0,0,0,0,0,0,0,0,0,0,0,0,0,0,0,0,0,0,0,0,0,0,0,0,0,0,0,0,0,0,0,0,0,0,0,0,1,0,0,0,0,0,0,0,0,0,0,0,0,0,0,0,0,0,0,0,0,0,0,0,0,0,1,0,0,0,0,0,0,0,0,0,0,0,0,0,0,0,0,1,0,0,0,0,0,0,0,0,0,0,0,0,0,0,0,0,0,0,0,0,0,0,0,0,0,1,0.75209546,pension_plan
4644,1079002,0,2019-05-28,1,28,1,65,0,0,0,0,0,0,1,0,0,0,1,0,0,0,0,10,-33,10,41,5,4,79872.18000000001,0,0,0,0,0,0,0,0,0,0,0,0,0,0,0,0,0,0,0,0,0,0,0,0,0,0,0,0,0,0,0,0,0,0,0,0,0,0,0,0,0,0,0,0,0,1,0,0,0,0,0,0,0,0,0,0,0,0,0,0,0,0,0,0,0,0,0,0,0,0,0,1,0,0,0,0,0,0,0,0,0,0,0,0,0,0,0,0,1,0,0,0,0,0,0,0,0,0,0,0,0,0,0,0,0,0,0,0,0,0,0,0,0,0,1,0.77450544,pension_plan
5316,1090813,0,2019-05-28,1,45,1,75,0,0,0,0,0,0,0,0,0,0,1,0,1,0,0,10,-33,29,44,3,4,133851.70500000002,0,0,0,0,0,0,0,0,0,0,0,0,0,0,0,0,0,0,0,0,0,0,0,0,0,0,0,0,0,0,0,0,0,0,0,0,0,0,0,0,0,0,0,0,0,0,0,0,0,0,0,0,0,0,0,0,0,0,0,0,0,0,0,0,0,0,0,0,1,1,0,0,0,0,0,0,0,0,0,0,0,0,0,0,0,0,0,0,1,0,0,0,0,0,0,0,0,0,0,0,0,0,0,0,0,0,0,0,0,0,0,0,0,0,1,0.7768635,pension_plan
6874,1119728,0,2019-05-28,1,41,1,61,0,0,0,0,0,0,0,0,0,0,1,1,0,0,0,10,-30,27,43,5,4,120497.625,0,0,0,0,0,0,0,0,0,0,0,0,0,0,0,0,0,1,0,0,0,0,0,0,0,0,0,0,0,0,0,0,0,0,0,0,0,0,0,0,0,0,0,0,0,0,0,0,0,0,0,0,0,0,0,0,0,0,0,0,0,0,0,0,0,0,0,0,0,0,0,1,0,0,0,0,0,0,0,0,0,0,0,0,0,0,0,0,1,0,0,0,0,0,0,0,0,0,0,0,0,0,0,0,0,0,0,0,0,0,0,0,0,0,1,0.612033,pension_plan
7194,1127894,0,2019-05-28,1,50,0,63,0,0,0,0,0,0,0,0,1,0,1,0,1,0,0,4,-32,15,15,4,2,114349.68,0,0,0,0,0,0,0,0,0,0,0,0,0,0,0,0,0,0,0,0,0,0,0,0,0,0,0,0,0,0,0,0,0,0,0,0,0,0,0,0,0,0,0,0,0,1,0,0,0,0,0,0,0,0,0,0,0,0,0,0,0,0,0,0,0,0,0,0,0,0,0,1,0,0,0,0,0,0,0,0,0,0,0,0,0,0,0,0,1,0,0,0,0,0,0,0,0,0,0,0,0,0,0,0,0,0,0,0,0,0,0,0,0,0,1,0.5488972,pension_plan
7252,1131910,0,2019-05-28,1,28,1,91,0,0,0,0,0,0,0,0,0,0,1,1,0,0,0,4,-32,29,17,4,2,148991.97,0,0,0,0,0,0,0,0,0,0,0,0,0,0,0,0,0,0,0,0,0,0,0,0,0,0,0,0,0,0,0,0,0,0,0,0,0,0,0,0,0,0,0,0,0,1,0,0,0,0,0,0,0,0,0,0,0,0,0,0,0,0,0,0,0,0,0,0,0,0,1,0,0,0,0,0,0,0,0,0,0,0,0,0,0,0,0,0,1,0,0,0,0,0,0,0,0,0,0,0,0,0,0,0,0,0,0,0,0,0,0,0,0,0,1,0.726282,pension_plan
9225,1170819,0,2019-05-28,1,33,1,60,0,0,0,0,0,0,0,0,0,0,1,0,1,0,0,8,-32,28,34,6,3,194217.105,0,0,0,0,0,0,0,0,0,0,0,0,0,0,0,0,0,0,0,0,0,0,0,0,0,0,0,0,0,0,0,0,0,0,0,0,0,0,0,0,0,0,0,0,0,1,0,0,0,0,0,0,0,0,0,0,0,0,0,0,0,0,0,0,0,0,0,0,0,0,0,1,0,0,0,0,0,0,0,0,0,0,0,0,0,0,0,0,1,0,0,0,0,0,0,0,0,0,0,0,0,0,0,0,0,0,0,0,0,0,0,0,0,0,1,0.57160985,pension_plan
10405,1191497,0,2019-05-28,1,10,1,63,0,0,0,0,0,0,0,0,0,0,1,0,0,0,0,10,-32,7,40,4,4,115424.07,0,0,0,0,0,0,0,0,0,0,0,0,0,0,0,0,0,0,0,0,0,0,0,0,0,0,0,0,0,0,0,0,0,0,0,0,0,0,0,0,0,0,0,0,0,1,0,0,0,0,0,0,0,0,0,0,0,0,0,0,0,0,0,0,0,0,0,0,0,0,0,1,0,0,0,0,0,0,0,0,0,0,0,0,0,0,0,0,1,0,0,0,0,0,0,0,0,0,0,0,0,0,0,0,0,0,0,0,0,0,0,0,0,0,1,0.5935541,pension_plan
10408,1191540,0,2019-05-28,1,35,0,62,0,0,0,0,0,0,1,0,0,0,1,0,1,0,0,10,-32,7,40,4,4,117492.51,0,0,0,0,0,0,0,0,0,0,0,0,0,0,0,0,0,0,0,0,0,0,0,0,0,0,0,0,0,0,0,0,0,0,0,0,0,0,0,0,0,0,0,0,0,1,0,0,0,0,0,0,0,0,0,0,0,0,0,0,0,0,0,0,0,0,0,0,0,0,1,0,0,0,0,0,0,0,0,0,0,0,0,0,0,0,0,0,1,0,0,0,0,0,0,0,0,0,0,0,0,0,0,0,0,0,0,0,0,0,0,0,0,0,1,0.5342909,pension_plan
10553,1194310,0,2019-05-28,1,21,0,86,0,0,0,0,0,0,0,0,0,0,1,0,0,0,0,10,-32,10,41,0,4,106805.04,0,0,0,0,0,0,0,0,0,0,0,0,0,0,0,0,0,0,0,0,0,0,0,0,0,0,0,0,0,0,0,0,0,0,0,0,0,0,0,0,0,0,0,0,0,0,0,0,0,0,0,0,0,0,0,0,0,0,0,0,0,0,1,0,0,0,0,0,0,0,0,1,0,0,0,0,0,0,0,0,0,0,0,0,0,0,0,0,1,0,0,0,0,0,0,0,0,0,0,0,0,0,0,0,0,0,0,0,0,0,0,0,0,0,1,0.7586287,pension_plan
11614,1212261,0,2019-05-28,1,28,0,62,0,0,0,0,0,0,0,0,0,0,1,0,1,0,0,10,-32,31,44,0,4,105599.85,0,0,0,0,0,0,0,0,0,0,0,0,0,0,0,0,0,0,0,0,0,0,0,0,0,0,0,0,0,0,0,0,0,0,0,0,0,0,0,0,0,0,0,0,1,0,0,0,0,0,0,0,0,0,0,0,0,0,0,0,0,0,0,0,0,0,0,0,0,0,0,1,0,0,0,0,0,0,0,0,0,0,0,0,0,0,0,0,1,0,0,0,0,0,0,0,0,0,0,0,0,0,0,0,0,0,0,0,0,0,0,0,0,0,1,0.58933365,pension_plan
12997,1235099,0,2019-05-28,1,29,0,62,0,0,0,0,0,0,0,0,0,0,1,0,1,0,0,1,-31,2,1,0,1,62860.16999999999,0,0,0,0,0,0,0,0,0,0,0,0,0,0,0,0,0,0,0,0,0,0,0,0,0,0,0,0,0,0,0,0,0,0,0,0,0,0,0,0,0,0,0,0,0,1,0,0,0,0,0,0,0,0,0,0,0,0,0,0,0,0,0,0,0,0,0,0,0,0,0,1,0,0,0,0,0,0,0,0,0,0,0,0,0,0,0,0,1,0,0,0,0,0,0,0,0,0,0,0,0,0,0,0,0,0,0,0,0,0,0,0,0,0,1,0.6216147,pension_plan
13193,1238681,0,2019-05-28,1,3,1,60,0,0,0,0,0,0,0,0,0,0,1,0,0,0,0,1,-31,17,3,1,1,194217.105,0,0,0,0,0,0,0,0,0,0,0,0,0,0,0,0,0,0,0,0,0,0,0,0,0,0,0,0,0,0,0,0,0,0,0,0,0,0,0,0,0,0,0,0,0,1,0,0,0,0,0,0,0,0,0,0,0,0,0,0,0,0,0,0,0,0,0,0,0,0,0,1,0,0,0,0,0,0,0,0,0,0,0,0,0,0,0,0,1,0,0,0,0,0,0,0,0,0,0,0,0,0,0,0,0,0,0,0,0,0,0,0,0,0,1,0.52190703,pension_plan
13543,1246261,0,2019-05-28,1,29,0,63,0,0,0,0,0,0,0,0,0,0,1,0,1,0,0,3,-31,3,9,4,1,69806.61,0,0,0,0,0,0,0,0,0,0,0,0,0,0,0,0,0,0,0,0,0,0,0,0,0,0,0,0,0,0,0,0,0,0,0,0,0,0,0,0,0,0,0,0,0,1,0,0,0,0,0,0,0,0,0,0,0,0,0,0,0,0,0,0,0,0,0,0,0,0,0,1,0,0,0,0,0,0,0,0,0,0,0,0,0,0,0,0,1,0,0,0,0,0,0,0,0,0,0,0,0,0,0,0,0,0,0,0,0,0,0,0,0,0,1,0.59766304,pension_plan
13605,1247631,0,2019-05-28,1,46,1,64,0,0,0,0,0,0,0,0,0,0,1,0,1,0,1,3,-31,10,10,4,1,55007.76,0,0,0,0,0,0,0,0,0,0,0,0,0,0,0,0,0,0,0,0,0,0,0,0,0,0,0,0,0,0,0,0,0,0,0,0,0,0,0,0,0,0,0,0,0,1,0,0,0,0,0,0,0,0,0,0,0,0,0,0,0,0,0,0,0,0,0,0,0,0,0,1,0,0,0,0,0,0,0,0,0,0,0,0,0,0,0,0,1,0,0,0,0,0,0,0,0,0,0,0,0,0,0,0,0,0,0,0,0,0,0,0,0,0,1,0.71028376,pension_plan
14254,1262310,0,2019-05-28,1,48,1,82,0,0,0,0,0,0,0,0,0,0,1,0,0,0,0,6,-31,6,23,1,2,70505.89499999999,0,0,0,0,0,0,0,0,0,0,0,0,0,0,0,0,0,1,0,0,0,0,0,0,0,0,0,0,0,0,0,0,0,0,0,0,0,0,0,0,0,0,0,0,0,0,0,0,0,0,0,0,0,0,0,0,0,0,0,0,0,0,0,0,0,0,0,0,0,0,0,1,0,0,0,0,0,0,0,0,0,0,0,0,0,0,0,0,1,0,0,0,0,0,0,0,0,0,0,0,0,0,0,0,0,0,0,0,0,0,0,0,0,0,1,0.7983807,pension_plan
14421,1265643,0,2019-05-28,1,46,1,70,0,0,0,0,0,0,0,0,0,0,1,0,0,0,0,6,-31,26,26,0,2,83697.15,0,0,0,0,0,0,0,0,0,0,0,0,0,0,0,0,0,1,0,0,0,0,0,0,0,0,0,0,0,0,0,0,0,0,0,0,0,0,0,0,0,0,0,0,0,0,0,0,0,0,0,0,0,0,0,0,0,0,0,0,0,0,0,0,0,0,0,0,0,0,0,1,0,0,0,0,0,0,0,0,0,0,0,0,0,0,0,0,1,0,0,0,0,0,0,0,0,0,0,0,0,0,0,0,0,0,0,0,0,0,0,0,0,0,1,0.79739565,pension_plan
14438,1266173,0,2019-05-28,1,47,0,61,0,0,0,0,0,0,0,0,0,0,1,0,1,0,0,6,-31,30,26,4,2,34483.590000000004,0,0,0,0,0,0,0,0,0,0,0,0,0,0,0,0,0,0,0,0,0,0,0,0,0,0,0,0,0,0,0,0,0,0,0,0,0,0,0,0,0,0,0,0,0,1,0,0,0,0,0,0,0,0,0,0,0,0,0,0,0,0,0,0,0,0,0,0,0,0,0,1,0,0,0,0,0,0,0,0,0,0,0,0,0,0,0,0,1,0,0,0,0,0,0,0,0,0,0,0,0,0,0,0,0,0,0,0,0,0,0,0,0,0,1,0.6367609,pension_plan
16787,1312021,0,2019-05-28,1,8,0,71,0,0,0,0,0,0,0,0,0,0,1,1,0,0,0,9,-31,19,38,1,3,154971.90000000002,0,0,0,0,0,0,0,0,0,0,0,0,0,0,0,0,0,0,0,0,0,0,0,0,0,0,0,0,0,0,0,0,0,0,0,0,0,0,0,0,0,0,0,0,0,1,0,0,0,0,0,0,0,0,0,0,0,0,0,0,0,0,0,0,0,0,0,0,0,0,0,1,0,0,0,0,0,0,0,0,0,0,0,0,0,0,0,0,1,0,0,0,0,0,0,0,0,0,0,0,0,0,0,0,0,0,0,0,0,0,0,0,0,0,1,0.729011,pension_plan
16796,1312158,0,2019-05-28,1,33,0,76,0,0,0,0,0,0,0,0,0,0,1,0,0,0,0,9,-31,22,38,4,3,80896.17,0,0,0,0,0,0,0,0,0,0,0,0,0,0,0,0,0,0,0,0,0,0,0,0,0,0,0,0,0,0,0,0,0,0,0,0,0,0,0,0,0,0,0,0,0,1,0,0,0,0,0,0,0,0,0,0,0,0,0,0,0,0,0,0,0,0,0,0,0,0,0,1,0,0,0,0,0,0,0,0,0,0,0,0,0,0,0,0,1,0,0,0,0,0,0,0,0,0,0,0,0,0,0,0,0,0,0,0,0,0,0,0,0,0,1,0.7908681,pension_plan
19393,1355569,0,2019-05-28,1,3,0,65,0,0,0,0,0,0,0,0,0,0,1,0,1,0,0,11,-31,17,46,4,4,35741.25,0,0,0,0,0,0,0,0,0,0,0,0,0,0,0,0,0,0,0,0,0,0,0,0,0,0,0,0,0,0,0,0,0,0,0,0,0,0,0,0,0,0,0,0,0,0,0,0,0,0,0,0,0,0,0,0,0,0,0,1,0,0,0,0,0,0,0,0,0,0,0,1,0,0,0,0,0,0,0,0,0,0,0,0,0,0,0,0,1,0,0,0,0,0,0,0,0,0,0,0,0,0,0,0,0,0,0,0,0,0,0,0,0,0,1,0.78903884,pension_plan
19537,1357914,0,2019-05-28,1,11,1,76,0,0,0,0,0,0,0,0,0,0,1,0,0,0,0,11,-31,20,47,0,4,73285.20000000001,0,0,0,0,0,0,0,0,0,0,0,0,0,0,0,0,0,0,0,0,0,0,0,0,0,0,0,0,0,0,0,0,0,0,0,0,0,0,0,0,0,0,0,0,0,0,0,0,0,0,0,0,0,0,0,0,0,0,0,1,0,0,0,0,0,0,0,0,0,0,0,1,0,0,0,0,0,0,0,0,0,0,0,0,0,0,0,0,1,0,0,0,0,0,0,0,0,0,0,0,0,0,0,0,0,0,0,0,0,0,0,0,0,0,1,0.79986125,pension_plan
20762,1377265,0,2019-05-28,1,28,1,61,0,0,0,0,0,0,0,0,0,0,1,1,0,0,0,1,-30,20,3,5,1,155186.94,0,0,0,0,0,0,0,0,0,0,0,0,0,0,0,0,0,1,0,0,0,0,0,0,0,0,0,0,0,0,0,0,0,0,0,0,0,0,0,0,0,0,0,0,0,0,0,0,0,0,0,0,0,0,0,0,0,0,0,0,0,0,0,0,0,0,0,0,0,0,0,1,0,0,0,0,0,0,0,0,0,0,0,0,0,0,0,0,1,0,0,0,0,0,0,0,0,0,0,0,0,0,0,0,0,0,0,0,0,0,0,0,0,0,1,0.6019404,pension_plan
21204,1385685,0,2019-05-28,1,50,0,64,0,0,0,0,0,0,0,0,0,0,1,0,0,0,0,3,-30,3,9,5,1,121244.04,0,0,0,0,0,0,0,0,0,0,0,0,0,0,0,0,0,0,0,0,0,0,0,0,0,0,0,0,0,0,0,0,0,0,0,0,0,0,0,0,0,0,0,0,0,0,0,0,0,0,0,0,0,0,0,0,0,0,0,1,0,0,0,0,0,0,0,0,0,0,0,1,0,0,0,0,0,0,0,0,0,0,0,0,0,0,0,0,1,0,0,0,0,0,0,0,0,0,0,0,0,0,0,0,0,0,0,0,0,0,0,0,0,0,1,0.75731725,pension_plan
22060,1401235,0,2019-05-28,1,28,1,67,0,0,0,0,0,0,0,0,0,0,1,0,0,0,0,6,-30,11,24,0,2,288305.58,0,0,0,0,0,0,0,0,0,0,0,0,0,0,0,0,0,0,0,0,0,0,0,0,0,0,0,0,0,0,0,0,0,0,0,0,0,0,0,0,0,0,0,0,0,0,0,0,0,0,0,0,0,0,0,0,0,0,0,0,0,1,0,0,0,0,0,0,0,0,0,1,0,0,0,0,0,0,0,0,0,0,0,0,0,0,0,0,1,0,0,0,0,0,0,0,0,0,0,0,0,0,0,0,0,0,0,0,0,0,0,0,0,0,1,0.81330657,pension_plan
26366,1454053,0,2019-05-28,1,29,0,63,0,0,0,0,0,0,0,0,0,0,1,0,1,0,0,9,-30,18,38,1,3,66507.18000000001,0,0,0,0,0,0,0,0,0,0,0,0,0,0,0,0,0,0,0,0,0,0,0,0,0,0,0,0,0,0,0,0,0,0,0,0,0,0,0,0,0,0,0,0,0,0,0,0,0,0,0,0,0,0,0,0,0,0,0,0,0,1,0,0,0,0,0,0,0,0,0,1,0,0,0,0,0,0,0,0,0,0,0,0,0,0,0,0,1,0,0,0,0,0,0,0,0,0,0,0,0,0,0,0,0,0,0,0,0,0,0,0,0,0,1,0.6369546,pension_plan
27332,1463662,0,2019-05-28,1,46,0,63,0,0,0,0,0,0,0,0,0,0,1,0,0,0,0,9,-30,29,39,5,3,42587.19,0,0,0,0,0,0,0,0,0,0,0,0,0,0,0,0,0,0,0,0,0,0,0,0,0,0,0,0,0,0,0,0,0,0,0,0,0,0,0,0,0,0,0,0,0,0,0,0,0,0,0,0,0,0,0,0,0,0,0,0,0,0,0,0,0,0,0,1,0,0,0,1,0,0,0,0,0,0,0,0,0,0,0,0,0,0,0,0,1,0,0,0,0,0,0,0,0,0,0,0,0,0,0,0,0,0,0,0,0,0,0,0,0,0,1,0.6590856,pension_plan
28280,1472387,0,2019-05-28,1,3,1,61,0,0,0,0,0,0,0,0,0,0,1,0,1,0,0,10,-30,7,40,6,4,117492.51,0,0,0,0,0,0,0,0,0,0,0,0,0,0,0,0,0,0,0,0,0,0,0,0,0,0,0,0,0,0,0,0,0,0,0,0,0,0,0,0,0,0,0,0,0,0,0,0,0,0,0,0,0,0,0,0,0,0,0,0,0,1,0,0,0,0,0,0,0,0,0,1,0,0,0,0,0,0,0,0,0,0,0,0,0,0,0,0,1,0,0,0,0,0,0,0,0,0,0,0,0,0,0,0,0,0,0,0,0,0,0,0,0,0,1,0.63666743,pension_plan
29100,1479380,0,2019-05-28,1,48,1,61,0,0,0,0,0,0,0,0,0,0,1,1,0,0,0,10,-30,14,41,6,4,120497.625,0,0,0,0,0,0,0,0,0,0,0,0,0,0,0,0,0,0,0,0,0,0,0,0,0,0,0,0,0,0,0,0,0,0,0,0,0,0,0,0,0,0,0,0,0,0,0,0,0,0,0,0,0,0,0,0,0,0,0,0,0,1,0,0,0,0,0,0,0,0,0,1,0,0,0,0,0,0,0,0,0,0,0,0,0,0,0,0,1,0,0,0,0,0,0,0,0,0,0,0,0,0,0,0,0,0,0,0,0,0,0,0,0,0,1,0.5661373,pension_plan
32597,1508667,0,2019-05-28,1,35,1,67,0,0,0,0,0,0,0,0,0,0,1,0,1,0,0,11,-30,23,47,4,4,288305.58,0,0,0,0,0,0,0,0,0,0,0,0,0,0,0,0,0,0,0,0,0,0,0,0,0,0,0,0,0,0,0,0,0,0,0,0,0,0,0,0,0,0,0,0,0,0,0,0,0,0,0,0,0,0,0,0,0,0,0,0,0,1,0,0,0,0,0,0,0,0,0,1,0,0,0,0,0,0,0,0,0,0,0,0,0,0,0,0,1,0,0,0,0,0,0,0,0,0,0,0,0,0,0,0,0,0,0,0,0,0,0,0,0,0,1,0.84168535,pension_plan
32842,1510420,0,2019-05-28,1,29,1,59,0,0,0,0,0,0,0,0,0,0,1,0,0,0,0,11,-30,26,48,0,4,73136.475,0,0,0,0,0,0,0,0,0,0,0,0,0,0,0,0,0,0,0,0,0,0,0,0,0,0,0,0,0,0,0,0,0,0,0,0,0,0,0,0,0,0,0,0,0,0,0,0,0,0,0,0,0,0,0,0,0,0,0,0,0,1,0,0,0,0,0,0,0,0,0,1,0,0,0,0,0,0,0,0,0,0,0,0,0,0,0,0,1,0,0,0,0,0,0,0,0,0,0,0,0,0,0,0,0,0,0,0,0,0,0,0,0,0,1,0.5274272,pension_plan
33104,1512617,0,2019-05-28,1,16,1,81,0,0,0,0,0,0,0,0,0,0,1,0,0,0,0,12,-30,2,48,6,4,57130.95,0,0,0,0,0,0,0,0,0,0,0,0,0,0,0,0,0,0,0,0,0,0,0,0,0,0,0,0,0,0,0,0,0,0,0,0,0,0,0,0,0,0,0,0,0,0,0,0,0,0,0,0,0,0,0,0,0,0,0,0,0,0,1,0,0,0,0,0,0,0,0,1,0,0,0,0,0,0,0,0,0,0,0,0,0,0,0,0,1,0,0,0,0,0,0,0,0,0,0,0,0,0,0,0,0,0,0,0,0,0,0,0,0,0,1,0.82677764,pension_plan
33911,1518441,0,2019-05-28,1,3,0,67,0,0,0,0,0,0,0,0,0,0,1,0,0,0,0,12,-30,22,51,5,4,288305.58,0,0,0,0,0,0,0,0,0,0,0,0,0,0,0,0,0,0,0,0,0,0,0,0,0,0,0,0,0,0,0,0,0,0,0,0,0,0,0,0,0,0,0,0,0,0,0,0,0,0,0,0,0,0,0,0,0,0,0,0,0,0,1,0,0,0,0,0,0,0,0,1,0,0,0,0,0,0,0,0,0,0,0,0,0,0,0,0,1,0,0,0,0,0,0,0,0,0,0,0,0,0,0,0,0,0,0,0,0,0,0,0,0,0,1,0.79403406,pension_plan
33912,1518443,0,2019-05-28,1,3,1,64,0,0,0,0,0,0,0,0,0,0,1,0,0,0,0,12,-30,22,51,5,4,77477.565,0,0,0,0,0,0,0,0,0,0,0,0,0,0,0,0,0,0,0,0,0,0,0,0,0,0,0,0,0,0,0,0,0,0,0,0,0,0,0,0,0,0,0,0,0,0,0,0,0,0,0,0,0,0,0,0,0,0,0,0,0,0,1,0,0,0,0,0,0,0,0,1,0,0,0,0,0,0,0,0,0,0,0,0,0,0,0,0,1,0,0,0,0,0,0,0,0,0,0,0,0,0,0,0,0,0,0,0,0,0,0,0,0,0,1,0.7979876,pension_plan
33952,1518730,0,2019-05-28,1,40,0,62,0,0,0,0,0,0,0,0,0,0,1,0,1,0,0,12,-30,23,51,6,4,117492.51,0,0,0,0,0,0,0,0,0,0,0,0,0,0,0,0,0,0,0,0,0,0,0,0,0,0,0,0,0,0,0,0,0,0,0,0,0,0,0,0,0,0,0,0,0,0,0,0,0,0,0,0,0,0,0,0,0,0,0,0,0,1,0,0,0,0,0,0,0,0,0,1,0,0,0,0,0,0,0,0,0,0,0,0,0,0,0,0,1,0,0,0,0,0,0,0,0,0,0,0,0,0,0,0,0,0,0,0,0,0,0,0,0,0,1,0.64431316,pension_plan
34293,1521111,0,2019-05-28,1,8,0,64,0,0,0,0,0,0,0,0,0,0,1,1,1,0,0,1,-29,5,1,5,1,77477.565,0,0,0,0,0,0,0,0,0,0,0,0,0,0,0,0,0,0,0,0,0,0,0,0,0,0,0,0,0,0,0,0,0,0,0,0,0,0,0,0,0,0,0,0,0,0,0,0,0,0,0,0,0,0,0,0,0,0,0,0,0,1,0,0,0,0,0,0,0,0,0,1,0,0,0,0,0,0,0,0,0,0,0,0,0,0,0,0,1,0,0,0,0,0,0,0,0,0,0,0,0,0,0,0,0,0,0,0,0,0,0,0,0,0,1,0.7364691,pension_plan
34952,1525378,0,2019-05-28,1,10,1,62,0,0,0,0,0,0,0,0,0,0,1,0,1,0,0,1,-29,18,3,4,1,117492.51,0,0,0,0,0,0,0,0,0,0,0,0,0,0,0,0,0,0,0,0,0,0,0,0,0,0,0,0,0,0,0,0,0,0,0,0,0,0,0,0,0,0,0,0,0,0,0,0,0,0,0,0,0,0,0,0,0,0,0,0,0,0,1,0,0,0,0,0,0,0,0,1,0,0,0,0,0,0,0,0,0,0,0,0,0,0,0,0,1,0,0,0,0,0,0,0,0,0,0,0,0,0,0,0,0,0,0,0,0,0,0,0,0,0,1,0.644545,pension_plan
38240,1542104,0,2019-05-28,1,28,0,73,0,0,0,0,0,0,0,0,1,0,1,0,0,0,0,3,-29,29,13,4,1,100131.9,0,0,0,0,0,0,0,0,0,0,0,0,0,0,0,0,0,0,0,0,0,0,0,0,0,0,0,0,0,0,0,0,0,0,0,0,0,0,0,0,0,0,0,0,0,0,0,0,0,0,0,0,0,0,0,0,0,0,0,0,0,1,0,0,0,0,0,0,0,0,1,0,0,0,0,0,0,0,0,0,0,0,0,0,0,0,0,0,1,0,0,0,0,0,0,0,0,0,0,0,0,0,0,0,0,0,0,0,0,0,0,0,0,0,1,0.7607976,pension_plan
39050,1544500,0,2019-05-28,1,41,1,81,0,0,0,0,0,0,0,0,0,0,1,0,1,0,0,4,-29,11,15,3,2,131918.63999999998,0,0,0,0,0,0,0,0,0,0,0,0,0,0,0,0,0,0,0,0,0,0,0,0,0,0,0,0,0,0,0,0,0,0,0,0,0,0,0,0,0,0,0,0,0,0,0,0,0,0,0,0,0,0,0,0,0,0,0,0,0,0,1,0,0,0,0,0,0,0,0,1,0,0,0,0,0,0,0,0,0,0,0,0,0,0,0,0,1,0,0,0,0,0,0,0,0,0,0,0,0,0,0,0,0,0,0,0,0,0,0,0,0,0,1,0.81939346,pension_plan
41863,1550060,0,2019-05-28,1,28,0,68,0,0,0,0,0,0,0,0,0,0,1,0,0,0,0,5,-29,10,19,4,2,106376.28,0,0,0,0,0,0,0,0,0,0,0,0,0,0,0,0,0,0,0,0,0,0,0,0,0,0,0,0,0,0,0,0,0,0,0,0,0,0,0,0,0,0,0,0,0,0,0,0,0,0,0,0,0,0,0,0,0,0,0,0,0,0,0,0,0,0,0,0,1,1,0,0,0,0,0,0,0,0,0,0,0,0,0,0,0,0,0,0,1,0,0,0,0,0,0,0,0,0,0,0,0,0,0,0,0,0,0,0,0,0,0,0,0,0,1,0.7474402,pension_plan
43349,1551990,0,2019-05-28,1,30,0,80,0,0,0,0,0,0,0,0,0,0,1,0,0,0,0,5,-29,21,21,1,2,85421.31,0,0,0,0,0,0,0,0,0,0,0,0,0,0,0,0,0,0,0,0,0,0,0,0,0,0,0,0,0,0,0,0,0,0,0,0,0,0,0,0,0,0,0,0,0,0,0,0,0,0,0,0,0,0,0,0,0,0,0,0,0,0,0,0,0,0,0,0,1,1,0,0,0,0,0,0,0,0,0,0,0,0,0,0,0,0,0,0,1,0,0,0,0,0,0,0,0,0,0,0,0,0,0,0,0,0,0,0,0,0,0,0,0,0,1,0.77059096,pension_plan
